{"cameraMode":{"drawMode":0,"name":"Shaded","section":"Shading Mode"},"sceneLighting":true,"audioPlay":false,"sceneViewState":{"showFog":true,"showMaterialUpdate":false,"showSkybox":true,"showFlares":true,"showImageEffects":true,"showParticleSystems":true},"in2DMode":false,"pivot":{"x":-1.4583961963653565,"y":0.9999938011169434,"z":-9.139983177185059},"rotation":{"x":-0.12740278244018556,"y":0.030341869220137597,"z":-0.0039017177186906339,"w":-0.9913849830627441},"size":13.98611068725586,"orthographic":false}