{"cameraMode":{"drawMode":0,"name":"Shaded","section":"Shading Mode"},"sceneLighting":true,"audioPlay":false,"sceneViewState":{"showFog":true,"showMaterialUpdate":false,"showSkybox":true,"showFlares":true,"showImageEffects":true,"showParticleSystems":true},"in2DMode":false,"pivot":{"x":1657.212158203125,"y":353.8862609863281,"z":-4961.72412109375},"rotation":{"x":-0.013318045064806939,"y":0.16513890027999879,"z":-0.0022092852741479875,"w":-0.9861955642700195},"size":949.3342895507813,"orthographic":true}