{"cameraMode":{"drawMode":0,"name":"Shaded","section":"Shading Mode"},"sceneLighting":true,"audioPlay":false,"sceneViewState":{"showFog":true,"showMaterialUpdate":false,"showSkybox":true,"showFlares":true,"showImageEffects":true,"showParticleSystems":true},"in2DMode":false,"pivot":{"x":28.460832595825197,"y":3.8327269554138185,"z":5.633744716644287},"rotation":{"x":-0.11091151088476181,"y":0.3739396333694458,"z":-0.04508589953184128,"w":-0.9198117852210999},"size":46.09624481201172,"orthographic":false}