{"cameraMode":{"drawMode":0,"name":"Shaded","section":"Shading Mode"},"sceneLighting":true,"audioPlay":false,"sceneViewState":{"showFog":true,"showMaterialUpdate":false,"showSkybox":true,"showFlares":true,"showImageEffects":true,"showParticleSystems":true},"in2DMode":false,"pivot":{"x":4.195918083190918,"y":2.4883317947387697,"z":-13.046502113342286},"rotation":{"x":-0.0015188197139650584,"y":-0.998468816280365,"z":0.04796220362186432,"w":-0.030883925035595895},"size":7.303040981292725,"orthographic":false}