{"cameraMode":{"drawMode":0,"name":"Shaded","section":"Shading Mode"},"sceneLighting":true,"audioPlay":false,"sceneViewState":{"showFog":true,"showMaterialUpdate":false,"showSkybox":true,"showFlares":true,"showImageEffects":true,"showParticleSystems":true},"in2DMode":false,"pivot":{"x":2.0354928970336916,"y":2.7875313758850099,"z":-12.894967079162598},"rotation":{"x":-0.05496712774038315,"y":0.8763191103935242,"z":-0.10299611836671829,"w":-0.4676036238670349},"size":12.00804615020752,"orthographic":false}