{"cameraMode":{"drawMode":0,"name":"Shaded","section":"Shading Mode"},"sceneLighting":false,"audioPlay":false,"sceneViewState":{"showFog":true,"showMaterialUpdate":false,"showSkybox":false,"showFlares":true,"showImageEffects":true,"showParticleSystems":true},"in2DMode":false,"pivot":{"x":0.0,"y":0.07499998807907105,"z":-0.07499998807907105},"rotation":{"x":0.07402760535478592,"y":0.8872498869895935,"z":-0.15323884785175324,"w":0.4289518892765045},"size":3.4472765922546388,"orthographic":false}