{"cameraMode":{"drawMode":0,"name":"Shaded","section":"Shading Mode"},"sceneLighting":true,"audioPlay":false,"sceneViewState":{"showFog":true,"showMaterialUpdate":false,"showSkybox":true,"showFlares":true,"showImageEffects":true,"showParticleSystems":true},"in2DMode":false,"pivot":{"x":-0.940000057220459,"y":3.450000047683716,"z":-9.139983177185059},"rotation":{"x":-0.12525027990341187,"y":0.106038399040699,"z":-0.013499284163117409,"w":-0.9863651990890503},"size":12.132287979125977,"orthographic":false}