{"cameraMode":{"drawMode":0,"name":"Shaded","section":"Shading Mode"},"sceneLighting":true,"audioPlay":false,"sceneViewState":{"showFog":true,"showMaterialUpdate":false,"showSkybox":true,"showFlares":true,"showImageEffects":true,"showParticleSystems":true},"in2DMode":false,"pivot":{"x":2.873788833618164,"y":3.653517246246338,"z":-12.8328275680542},"rotation":{"x":0.21531720459461213,"y":-0.49652302265167239,"z":0.12863439321517945,"w":0.8310995101928711},"size":13.70118522644043,"orthographic":false}