{"cameraMode":{"drawMode":0,"name":"Shaded","section":"Shading Mode"},"sceneLighting":true,"audioPlay":false,"sceneViewState":{"showFog":true,"showMaterialUpdate":false,"showSkybox":true,"showFlares":true,"showImageEffects":true,"showParticleSystems":true},"in2DMode":false,"pivot":{"x":-0.7828257083892822,"y":2.2620301246643068,"z":-9.254018783569336},"rotation":{"x":-0.23066848516464234,"y":0.019545473158359529,"z":-0.00467190146446228,"w":-0.9728422164916992},"size":13.148031234741211,"orthographic":false}