{"cameraMode":{"drawMode":0,"name":"Shaded","section":"Shading Mode"},"sceneLighting":true,"audioPlay":false,"sceneViewState":{"showFog":true,"showMaterialUpdate":false,"showSkybox":true,"showFlares":true,"showImageEffects":true,"showParticleSystems":true},"in2DMode":false,"pivot":{"x":-91.1973876953125,"y":-206.57180786132813,"z":0.0},"rotation":{"x":0.004046321846544743,"y":0.26007014513015749,"z":0.0010898172622546554,"w":-0.9655833840370178},"size":2.8578836917877199,"orthographic":false}