{"cameraMode":{"drawMode":0,"name":"Shaded","section":"Shading Mode"},"sceneLighting":true,"audioPlay":false,"sceneViewState":{"showFog":true,"showMaterialUpdate":false,"showSkybox":false,"showFlares":true,"showImageEffects":true,"showParticleSystems":true},"in2DMode":false,"pivot":{"x":0.24000000953674317,"y":-0.3500000238418579,"z":0.0},"rotation":{"x":-0.21867962181568147,"y":0.022555390372872354,"z":-0.0051091923378407959,"w":-0.9756243824958801},"size":20.100900650024415,"orthographic":false}