{"cameraMode":{"drawMode":0,"name":"Shaded","section":"Shading Mode"},"sceneLighting":true,"audioPlay":false,"sceneViewState":{"showFog":true,"showMaterialUpdate":false,"showSkybox":true,"showFlares":true,"showImageEffects":true,"showParticleSystems":true},"in2DMode":false,"pivot":{"x":-0.3453129529953003,"y":1.4844584465026856,"z":-12.203326225280762},"rotation":{"x":-0.3041532337665558,"y":0.2373175323009491,"z":-0.07850097864866257,"w":-0.9193430542945862},"size":16.094724655151368,"orthographic":false}