{"cameraMode":{"drawMode":0,"name":"Shaded","section":"Shading Mode"},"sceneLighting":true,"audioPlay":false,"sceneViewState":{"showFog":true,"showMaterialUpdate":false,"showSkybox":true,"showFlares":true,"showImageEffects":true,"showParticleSystems":true},"in2DMode":false,"pivot":{"x":2.1353116035461427,"y":2.5974690914154054,"z":-12.889547348022461},"rotation":{"x":0.05184926092624664,"y":-0.7322795391082764,"z":0.056157272309064868,"w":0.6768470406532288},"size":21.057849884033204,"orthographic":false}